{"stats":{"minecraft:custom":{"minecraft:interact_with_furnace":6,"minecraft:mob_kills":48,"minecraft:interact_with_crafting_table":9,"minecraft:damage_dealt_resisted":0,"minecraft:leave_game":16,"minecraft:time_since_death":0,"minecraft:sleep_in_bed":3,"minecraft:climb_one_cm":666,"minecraft:time_since_rest":33,"minecraft:sprint_one_cm":494218,"minecraft:damage_taken":3927,"minecraft:walk_one_cm":299278,"minecraft:damage_blocked_by_shield":2625,"minecraft:drop":22,"minecraft:damage_dealt":6672,"minecraft:damage_dealt_absorbed":148,"minecraft:swim_one_cm":21699,"minecraft:fly_one_cm":375929,"minecraft:open_chest":31,"minecraft:crouch_one_cm":3639,"minecraft:play_time":78505,"minecraft:deaths":20,"minecraft:sneak_time":1072,"minecraft:walk_under_water_one_cm":1933,"minecraft:jump":848,"minecraft:walk_on_water_one_cm":8888,"minecraft:total_world_time":78505,"minecraft:fall_one_cm":20282},"minecraft:used":{"minecraft:cooked_mutton":2,"minecraft:trident":1,"minecraft:stone_sword":71,"minecraft:oak_planks":2,"minecraft:stone_pickaxe":66,"minecraft:baked_potato":1,"minecraft:shield":28,"minecraft:wooden_pickaxe":4,"minecraft:iron_chestplate":2,"minecraft:white_wool":2,"minecraft:torch":41,"minecraft:golden_apple":1,"minecraft:mutton":6,"minecraft:crafting_table":4,"minecraft:lime_bed":2,"minecraft:white_bed":3,"minecraft:oak_log":1,"minecraft:wooden_axe":22,"alexsmobs:lobster_tail":1,"minecraft:stone_slab":1,"minecraft:iron_boots":3,"minecraft:potion":4,"travelersbackpack:standard":1,"minecraft:furnace":2,"minecraft:cooked_beef":3,"minecraft:splash_potion":5,"undead_revamp2:arapholia":1,"epicfight:uchigatana":81,"minecraft:iron_leggings":1},"minecraft:killed_by":{"undead_revamp2:the_moonflower":1,"irons_spellbooks:necromancer":2,"minecraft:skeleton":11,"minecraft:zombie":5,"alexsmobs:grizzly_bear":1},"minecraft:crafted":{"minecraft:cooked_beef":2,"minecraft:oak_planks":84,"minecraft:crafting_table":4,"minecraft:wooden_pickaxe":1,"minecraft:iron_helmet":1,"minecraft:iron_sword":1,"minecraft:furnace":1,"firstaid:plaster":2,"minecraft:cooked_mutton":3,"minecraft:air":0,"minecraft:iron_chestplate":1,"minecraft:white_wool":2,"minecraft:iron_boots":1,"minecraft:stick":12,"minecraft:stone_pickaxe":1,"minecraft:wooden_axe":1,"minecraft:stone_sword":1,"minecraft:iron_leggings":1,"minecraft:white_bed":1,"minecraft:torch":8},"minecraft:picked_up":{"minecraft:lime_bed":2,"minecraft:iron_chestplate":9,"minecraft:crafting_table":1,"minecraft:wheat":10,"minecraft:leather":6,"minecraft:brown_wool":1,"minecraft:stone_slab":1,"minecraft:wooden_pickaxe":6,"minecraft:potion":6,"minecraft:oak_log":22,"minecraft:chainmail_chestplate":2,"minecraft:shield":11,"minecraft:string":55,"minecraft:dirt":18,"minecraft:iron_leggings":4,"minecraft:cooked_mutton":16,"minecraft:leather_boots":6,"minecraft:compass":1,"minecraft:bone":24,"minecraft:apple":1,"irons_spellbooks:arcane_essence":9,"minecraft:wheat_seeds":3,"minecraft:gold_nugget":16,"minecraft:wild_armor_trim_smithing_template":3,"minecraft:iron_ingot":213,"minecraft:stone_pickaxe":12,"minecraft:beef":2,"artifacts:kitty_slippers":3,"weaponmaster:tutorialbook":51,"minecraft:light_gray_wool":2,"minecraft:glass_bottle":7,"minecraft:enchanted_golden_apple":6,"minecraft:oak_planks":237,"minecraft:iron_sword":3,"minecraft:stone_hoe":8,"minecraft:iron_boots":9,"minecraft:furnace":8,"minecraft:golden_helmet":6,"minecraft:stick":7,"apotheosis:gem":65,"minecraft:cooked_porkchop":6,"minecraft:torch":101,"epicfight:skillbook":16,"epicfight:uchigatana":9,"minecraft:white_bed":2,"minecraft:spider_eye":14,"minecraft:stone_sword":5,"minecraft:arrow":64,"minecraft:rotten_flesh":25,"minecraft:chainmail_leggings":4,"minecraft:iron_helmet":10,"minecraft:gold_ingot":12,"minecraft:baked_potato":53,"undead_revamp2:arapholia":1,"minecraft:oak_sapling":8,"minecraft:wooden_axe":17,"minecraft:mutton":29,"minecraft:iron_bars":18,"minecraft:coal":158,"alexsmobs:lobster_tail":1,"minecraft:white_wool":17,"minecraft:cobblestone":38,"minecraft:ender_pearl":6},"minecraft:dropped":{"minecraft:stone_hoe":1,"minecraft:furnace":1,"minecraft:wheat_seeds":1,"minecraft:stone_sword":1,"weaponmaster:tutorialbook":7,"minecraft:rotten_flesh":5,"minecraft:iron_helmet":1,"minecraft:chainmail_chestplate":1,"minecraft:torch":1,"minecraft:mutton":1,"minecraft:wooden_axe":1,"minecraft:oak_sapling":1,"minecraft:iron_bars":2,"minecraft:stone_pickaxe":2,"minecraft:white_wool":1},"minecraft:killed":{"alexsmobs:lobster":2,"minecraft:cave_spider":5,"irons_spellbooks:summoned_zombie":2,"minecraft:spider":12,"undead_revamp2:thesmoker":1,"minecraft:sheep":9,"minecraft:skeleton":8,"minecraft:zombie":6,"irons_spellbooks:summoned_skeleton":1,"minecraft:cow":1},"minecraft:mined":{"undead_revamp2:arapholia":1,"minecraft:white_bed":2,"minecraft:crafting_table":1,"minecraft:stone_slab":1,"minecraft:tall_grass":3,"minecraft:cobblestone":1,"minecraft:spawner":3,"minecraft:lime_bed":2,"minecraft:furnace":2,"minecraft:coal_ore":29,"minecraft:oak_log":22,"minecraft:iron_bars":10,"minecraft:cracked_stone_bricks":1,"minecraft:stone":22,"minecraft:oak_leaves":8}},"DataVersion":3465}